.\pic\Jee\1.jpg;1
.\pic\Jee\10.jpg;1
.\pic\Jee\2.jpg;1
.\pic\Jee\3.jpg;1
.\pic\Jee\4.jpg;1
.\pic\Jee\5.jpg;1
.\pic\Jee\6.jpg;1
.\pic\Jee\7.jpg;1
.\pic\Jee\8.jpg;1
.\pic\Jee\9.jpg;1
.\pic\shaojian\1.jpg;2
.\pic\shaojian\2.jpg;2
.\pic\shaojian\3.jpg;2
.\pic\shaojian\4.jpg;2
.\pic\shaojian\5.jpg;2
.\pic\shaojian\6.jpg;2
.\pic\shaojian\7.jpg;2
.\pic\shaojian\8.jpg;2
.\pic\shaojian\9.jpg;2
.\pic\sj\1.jpg;3
.\pic\sj\2.jpg;3
.\pic\sj\3.jpg;3
.\pic\sj\4.jpg;3
.\pic\sj\5.jpg;3
.\pic\yu\1.jpg;4
.\pic\yu\2.jpg;4
.\pic\yu\3.jpg;4
