.\pic\11\1.jpg;0
.\pic\11\10.jpg;0
.\pic\11\11.jpg;0
.\pic\11\12.jpg;0
.\pic\11\13.jpg;0
.\pic\11\14.jpg;0
.\pic\11\15.jpg;0
.\pic\11\16.jpg;0
.\pic\11\17.jpg;0
.\pic\11\18.jpg;0
.\pic\11\19.jpg;0
.\pic\11\2.jpg;0
.\pic\11\20.jpg;0
.\pic\11\21.jpg;0
.\pic\11\22.jpg;0
.\pic\11\23.jpg;0
.\pic\11\24.jpg;0
.\pic\11\25.jpg;0
.\pic\11\26.jpg;0
.\pic\11\27.jpg;0
.\pic\11\28.jpg;0
.\pic\11\29.jpg;0
.\pic\11\3.jpg;0
.\pic\11\30.jpg;0
.\pic\11\4.jpg;0
.\pic\11\5.jpg;0
.\pic\11\6.jpg;0
.\pic\11\7.jpg;0
.\pic\11\8.jpg;0
.\pic\11\9.jpg;0
.\pic\22\1.jpg;1
.\pic\22\10.jpg;1
.\pic\22\11.jpg;1
.\pic\22\12.jpg;1
.\pic\22\13.jpg;1
.\pic\22\14.jpg;1
.\pic\22\15.jpg;1
.\pic\22\16.jpg;1
.\pic\22\17.jpg;1
.\pic\22\18.jpg;1
.\pic\22\19.jpg;1
.\pic\22\2.jpg;1
.\pic\22\20.jpg;1
.\pic\22\21.jpg;1
.\pic\22\22.jpg;1
.\pic\22\23.jpg;1
.\pic\22\24.jpg;1
.\pic\22\25.jpg;1
.\pic\22\26.jpg;1
.\pic\22\27.jpg;1
.\pic\22\28.jpg;1
.\pic\22\29.jpg;1
.\pic\22\3.jpg;1
.\pic\22\30.jpg;1
.\pic\22\4.jpg;1
.\pic\22\5.jpg;1
.\pic\22\6.jpg;1
.\pic\22\7.jpg;1
.\pic\22\8.jpg;1
.\pic\22\9.jpg;1
.\pic\ding\1.jpg;2
.\pic\ding\10.jpg;2
.\pic\ding\11.jpg;2
.\pic\ding\12.jpg;2
.\pic\ding\13.jpg;2
.\pic\ding\14.jpg;2
.\pic\ding\15.jpg;2
.\pic\ding\16.jpg;2
.\pic\ding\17.jpg;2
.\pic\ding\18.jpg;2
.\pic\ding\19.jpg;2
.\pic\ding\2.jpg;2
.\pic\ding\20.jpg;2
.\pic\ding\21.jpg;2
.\pic\ding\22.jpg;2
.\pic\ding\23.jpg;2
.\pic\ding\24.jpg;2
.\pic\ding\25.jpg;2
.\pic\ding\26.jpg;2
.\pic\ding\27.jpg;2
.\pic\ding\28.jpg;2
.\pic\ding\29.jpg;2
.\pic\ding\3.jpg;2
.\pic\ding\30.jpg;2
.\pic\ding\4.jpg;2
.\pic\ding\5.jpg;2
.\pic\ding\6.jpg;2
.\pic\ding\7.jpg;2
.\pic\ding\8.jpg;2
.\pic\ding\9.jpg;2
.\pic\s1\1.pgm;3
.\pic\s1\10.pgm;3
.\pic\s1\2.pgm;3
.\pic\s1\3.pgm;3
.\pic\s1\4.pgm;3
.\pic\s1\5.pgm;3
.\pic\s1\6.pgm;3
.\pic\s1\7.pgm;3
.\pic\s1\8.pgm;3
.\pic\s1\9.pgm;3
.\pic\s10\1.pgm;4
.\pic\s10\10.pgm;4
.\pic\s10\2.pgm;4
.\pic\s10\3.pgm;4
.\pic\s10\4.pgm;4
.\pic\s10\5.pgm;4
.\pic\s10\6.pgm;4
.\pic\s10\7.pgm;4
.\pic\s10\8.pgm;4
.\pic\s10\9.pgm;4
.\pic\s11\1.pgm;5
.\pic\s11\10.pgm;5
.\pic\s11\2.pgm;5
.\pic\s11\3.pgm;5
.\pic\s11\4.pgm;5
.\pic\s11\5.pgm;5
.\pic\s11\6.pgm;5
.\pic\s11\7.pgm;5
.\pic\s11\8.pgm;5
.\pic\s11\9.pgm;5
.\pic\s12\1.pgm;6
.\pic\s12\10.pgm;6
.\pic\s12\2.pgm;6
.\pic\s12\3.pgm;6
.\pic\s12\4.pgm;6
.\pic\s12\5.pgm;6
.\pic\s12\6.pgm;6
.\pic\s12\7.pgm;6
.\pic\s12\8.pgm;6
.\pic\s12\9.pgm;6
.\pic\s13\1.pgm;7
.\pic\s13\10.pgm;7
.\pic\s13\2.pgm;7
.\pic\s13\3.pgm;7
.\pic\s13\4.pgm;7
.\pic\s13\5.pgm;7
.\pic\s13\6.pgm;7
.\pic\s13\7.pgm;7
.\pic\s13\8.pgm;7
.\pic\s13\9.pgm;7
.\pic\s14\1.pgm;8
.\pic\s14\10.pgm;8
.\pic\s14\2.pgm;8
.\pic\s14\3.pgm;8
.\pic\s14\4.pgm;8
.\pic\s14\5.pgm;8
.\pic\s14\6.pgm;8
.\pic\s14\7.pgm;8
.\pic\s14\8.pgm;8
.\pic\s14\9.pgm;8
.\pic\s15\1.pgm;9
.\pic\s15\10.pgm;9
.\pic\s15\2.pgm;9
.\pic\s15\3.pgm;9
.\pic\s15\4.pgm;9
.\pic\s15\5.pgm;9
.\pic\s15\6.pgm;9
.\pic\s15\7.pgm;9
.\pic\s15\8.pgm;9
.\pic\s15\9.pgm;9
.\pic\s16\1.pgm;10
.\pic\s16\10.pgm;10
.\pic\s16\2.pgm;10
.\pic\s16\3.pgm;10
.\pic\s16\4.pgm;10
.\pic\s16\5.pgm;10
.\pic\s16\6.pgm;10
.\pic\s16\7.pgm;10
.\pic\s16\8.pgm;10
.\pic\s16\9.pgm;10
.\pic\s17\1.pgm;11
.\pic\s17\10.pgm;11
.\pic\s17\2.pgm;11
.\pic\s17\3.pgm;11
.\pic\s17\4.pgm;11
.\pic\s17\5.pgm;11
.\pic\s17\6.pgm;11
.\pic\s17\7.pgm;11
.\pic\s17\8.pgm;11
.\pic\s17\9.pgm;11
.\pic\s18\1.pgm;12
.\pic\s18\10.pgm;12
.\pic\s18\2.pgm;12
.\pic\s18\3.pgm;12
.\pic\s18\4.pgm;12
.\pic\s18\5.pgm;12
.\pic\s18\6.pgm;12
.\pic\s18\7.pgm;12
.\pic\s18\8.pgm;12
.\pic\s18\9.pgm;12
.\pic\s19\1.pgm;13
.\pic\s19\10.pgm;13
.\pic\s19\2.pgm;13
.\pic\s19\3.pgm;13
.\pic\s19\4.pgm;13
.\pic\s19\5.pgm;13
.\pic\s19\6.pgm;13
.\pic\s19\7.pgm;13
.\pic\s19\8.pgm;13
.\pic\s19\9.pgm;13
.\pic\s2\1.pgm;14
.\pic\s2\10.pgm;14
.\pic\s2\2.pgm;14
.\pic\s2\3.pgm;14
.\pic\s2\4.pgm;14
.\pic\s2\5.pgm;14
.\pic\s2\6.pgm;14
.\pic\s2\7.pgm;14
.\pic\s2\8.pgm;14
.\pic\s2\9.pgm;14
.\pic\s20\1.pgm;15
.\pic\s20\10.pgm;15
.\pic\s20\2.pgm;15
.\pic\s20\3.pgm;15
.\pic\s20\4.pgm;15
.\pic\s20\5.pgm;15
.\pic\s20\6.pgm;15
.\pic\s20\7.pgm;15
.\pic\s20\8.pgm;15
.\pic\s20\9.pgm;15
.\pic\s21\1.pgm;16
.\pic\s21\10.pgm;16
.\pic\s21\2.pgm;16
.\pic\s21\3.pgm;16
.\pic\s21\4.pgm;16
.\pic\s21\5.pgm;16
.\pic\s21\6.pgm;16
.\pic\s21\7.pgm;16
.\pic\s21\8.pgm;16
.\pic\s21\9.pgm;16
.\pic\s22\1.pgm;17
.\pic\s22\10.pgm;17
.\pic\s22\2.pgm;17
.\pic\s22\3.pgm;17
.\pic\s22\4.pgm;17
.\pic\s22\5.pgm;17
.\pic\s22\6.pgm;17
.\pic\s22\7.pgm;17
.\pic\s22\8.pgm;17
.\pic\s22\9.pgm;17
.\pic\s23\1.pgm;18
.\pic\s23\10.pgm;18
.\pic\s23\2.pgm;18
.\pic\s23\3.pgm;18
.\pic\s23\4.pgm;18
.\pic\s23\5.pgm;18
.\pic\s23\6.pgm;18
.\pic\s23\7.pgm;18
.\pic\s23\8.pgm;18
.\pic\s23\9.pgm;18
.\pic\s24\1.pgm;19
.\pic\s24\10.pgm;19
.\pic\s24\2.pgm;19
.\pic\s24\3.pgm;19
.\pic\s24\4.pgm;19
.\pic\s24\5.pgm;19
.\pic\s24\6.pgm;19
.\pic\s24\7.pgm;19
.\pic\s24\8.pgm;19
.\pic\s24\9.pgm;19
.\pic\s25\1.pgm;20
.\pic\s25\10.pgm;20
.\pic\s25\2.pgm;20
.\pic\s25\3.pgm;20
.\pic\s25\4.pgm;20
.\pic\s25\5.pgm;20
.\pic\s25\6.pgm;20
.\pic\s25\7.pgm;20
.\pic\s25\8.pgm;20
.\pic\s25\9.pgm;20
.\pic\s26\1.pgm;21
.\pic\s26\10.pgm;21
.\pic\s26\2.pgm;21
.\pic\s26\3.pgm;21
.\pic\s26\4.pgm;21
.\pic\s26\5.pgm;21
.\pic\s26\6.pgm;21
.\pic\s26\7.pgm;21
.\pic\s26\8.pgm;21
.\pic\s26\9.pgm;21
.\pic\s27\1.pgm;22
.\pic\s27\10.pgm;22
.\pic\s27\2.pgm;22
.\pic\s27\3.pgm;22
.\pic\s27\4.pgm;22
.\pic\s27\5.pgm;22
.\pic\s27\6.pgm;22
.\pic\s27\7.pgm;22
.\pic\s27\8.pgm;22
.\pic\s27\9.pgm;22
.\pic\s28\1.pgm;23
.\pic\s28\10.pgm;23
.\pic\s28\2.pgm;23
.\pic\s28\3.pgm;23
.\pic\s28\4.pgm;23
.\pic\s28\5.pgm;23
.\pic\s28\6.pgm;23
.\pic\s28\7.pgm;23
.\pic\s28\8.pgm;23
.\pic\s28\9.pgm;23
.\pic\s29\1.pgm;24
.\pic\s29\10.pgm;24
.\pic\s29\2.pgm;24
.\pic\s29\3.pgm;24
.\pic\s29\4.pgm;24
.\pic\s29\5.pgm;24
.\pic\s29\6.pgm;24
.\pic\s29\7.pgm;24
.\pic\s29\8.pgm;24
.\pic\s29\9.pgm;24
.\pic\s3\1.pgm;25
.\pic\s3\10.pgm;25
.\pic\s3\2.pgm;25
.\pic\s3\3.pgm;25
.\pic\s3\4.pgm;25
.\pic\s3\5.pgm;25
.\pic\s3\6.pgm;25
.\pic\s3\7.pgm;25
.\pic\s3\8.pgm;25
.\pic\s3\9.pgm;25
.\pic\s30\1.pgm;26
.\pic\s30\10.pgm;26
.\pic\s30\2.pgm;26
.\pic\s30\3.pgm;26
.\pic\s30\4.pgm;26
.\pic\s30\5.pgm;26
.\pic\s30\6.pgm;26
.\pic\s30\7.pgm;26
.\pic\s30\8.pgm;26
.\pic\s30\9.pgm;26
.\pic\s31\1.pgm;27
.\pic\s31\10.pgm;27
.\pic\s31\2.pgm;27
.\pic\s31\3.pgm;27
.\pic\s31\4.pgm;27
.\pic\s31\5.pgm;27
.\pic\s31\6.pgm;27
.\pic\s31\7.pgm;27
.\pic\s31\8.pgm;27
.\pic\s31\9.pgm;27
.\pic\s32\1.pgm;28
.\pic\s32\10.pgm;28
.\pic\s32\2.pgm;28
.\pic\s32\3.pgm;28
.\pic\s32\4.pgm;28
.\pic\s32\5.pgm;28
.\pic\s32\6.pgm;28
.\pic\s32\7.pgm;28
.\pic\s32\8.pgm;28
.\pic\s32\9.pgm;28
.\pic\s33\1.pgm;29
.\pic\s33\10.pgm;29
.\pic\s33\2.pgm;29
.\pic\s33\3.pgm;29
.\pic\s33\4.pgm;29
.\pic\s33\5.pgm;29
.\pic\s33\6.pgm;29
.\pic\s33\7.pgm;29
.\pic\s33\8.pgm;29
.\pic\s33\9.pgm;29
.\pic\s34\1.pgm;30
.\pic\s34\10.pgm;30
.\pic\s34\2.pgm;30
.\pic\s34\3.pgm;30
.\pic\s34\4.pgm;30
.\pic\s34\5.pgm;30
.\pic\s34\6.pgm;30
.\pic\s34\7.pgm;30
.\pic\s34\8.pgm;30
.\pic\s34\9.pgm;30
.\pic\s35\1.pgm;31
.\pic\s35\10.pgm;31
.\pic\s35\2.pgm;31
.\pic\s35\3.pgm;31
.\pic\s35\4.pgm;31
.\pic\s35\5.pgm;31
.\pic\s35\6.pgm;31
.\pic\s35\7.pgm;31
.\pic\s35\8.pgm;31
.\pic\s35\9.pgm;31
.\pic\s36\1.pgm;32
.\pic\s36\10.pgm;32
.\pic\s36\2.pgm;32
.\pic\s36\3.pgm;32
.\pic\s36\4.pgm;32
.\pic\s36\5.pgm;32
.\pic\s36\6.pgm;32
.\pic\s36\7.pgm;32
.\pic\s36\8.pgm;32
.\pic\s36\9.pgm;32
.\pic\s37\1.pgm;33
.\pic\s37\10.pgm;33
.\pic\s37\2.pgm;33
.\pic\s37\3.pgm;33
.\pic\s37\4.pgm;33
.\pic\s37\5.pgm;33
.\pic\s37\6.pgm;33
.\pic\s37\7.pgm;33
.\pic\s37\8.pgm;33
.\pic\s37\9.pgm;33
.\pic\s38\1.pgm;34
.\pic\s38\10.pgm;34
.\pic\s38\2.pgm;34
.\pic\s38\3.pgm;34
.\pic\s38\4.pgm;34
.\pic\s38\5.pgm;34
.\pic\s38\6.pgm;34
.\pic\s38\7.pgm;34
.\pic\s38\8.pgm;34
.\pic\s38\9.pgm;34
.\pic\s39\1.pgm;35
.\pic\s39\10.pgm;35
.\pic\s39\2.pgm;35
.\pic\s39\3.pgm;35
.\pic\s39\4.pgm;35
.\pic\s39\5.pgm;35
.\pic\s39\6.pgm;35
.\pic\s39\7.pgm;35
.\pic\s39\8.pgm;35
.\pic\s39\9.pgm;35
.\pic\s4\1.pgm;36
.\pic\s4\10.pgm;36
.\pic\s4\2.pgm;36
.\pic\s4\3.pgm;36
.\pic\s4\4.pgm;36
.\pic\s4\5.pgm;36
.\pic\s4\6.pgm;36
.\pic\s4\7.pgm;36
.\pic\s4\8.pgm;36
.\pic\s4\9.pgm;36
.\pic\s40\1.pgm;37
.\pic\s40\10.pgm;37
.\pic\s40\2.pgm;37
.\pic\s40\3.pgm;37
.\pic\s40\4.pgm;37
.\pic\s40\5.pgm;37
.\pic\s40\6.pgm;37
.\pic\s40\7.pgm;37
.\pic\s40\8.pgm;37
.\pic\s40\9.pgm;37
.\pic\s5\1.pgm;38
.\pic\s5\10.pgm;38
.\pic\s5\2.pgm;38
.\pic\s5\3.pgm;38
.\pic\s5\4.pgm;38
.\pic\s5\5.pgm;38
.\pic\s5\6.pgm;38
.\pic\s5\7.pgm;38
.\pic\s5\8.pgm;38
.\pic\s5\9.pgm;38
.\pic\s6\1.pgm;39
.\pic\s6\10.pgm;39
.\pic\s6\2.pgm;39
.\pic\s6\3.pgm;39
.\pic\s6\4.pgm;39
.\pic\s6\5.pgm;39
.\pic\s6\6.pgm;39
.\pic\s6\7.pgm;39
.\pic\s6\8.pgm;39
.\pic\s6\9.pgm;39
.\pic\s7\1.pgm;40
.\pic\s7\10.pgm;40
.\pic\s7\2.pgm;40
.\pic\s7\3.pgm;40
.\pic\s7\4.pgm;40
.\pic\s7\5.pgm;40
.\pic\s7\6.pgm;40
.\pic\s7\7.pgm;40
.\pic\s7\8.pgm;40
.\pic\s7\9.pgm;40
.\pic\s8\1.pgm;41
.\pic\s8\10.pgm;41
.\pic\s8\2.pgm;41
.\pic\s8\3.pgm;41
.\pic\s8\4.pgm;41
.\pic\s8\5.pgm;41
.\pic\s8\6.pgm;41
.\pic\s8\7.pgm;41
.\pic\s8\8.pgm;41
.\pic\s8\9.pgm;41
.\pic\s9\1.pgm;42
.\pic\s9\10.pgm;42
.\pic\s9\2.pgm;42
.\pic\s9\3.pgm;42
.\pic\s9\4.pgm;42
.\pic\s9\5.pgm;42
.\pic\s9\6.pgm;42
.\pic\s9\7.pgm;42
.\pic\s9\8.pgm;42
.\pic\s9\9.pgm;42
